Locuteur;Dataset;Region;Date de naissance;Date enregistrement;Age
MABC0;Train;DR6;17/06/1960;03/03/1986;25
MABW0;Test;DR2;26/05/1959;21/04/1986;26
MADC0;Train;DR3;27/04/1954;25/02/1986;31
MADD0;Train;DR7;23/03/1958;28/01/1986;27
FADG0;Test;DR4;11/04/1959;12/02/1986;26
MAEB0;Train;DR4;20/09/1937;10/04/1986;48
FAEM0;Train;DR2;13/05/1960;27/02/1986;25
MAEO0;Train;DR7;19/07/1955;20/02/1986;30
MAFM0;Train;DR7;22/12/1952;31/03/1986;33
MAHH0;Test;DR5;22/02/1953;14/02/1986;32
MAJC0;Test;DR8;25/12/1958;11/03/1986;27
MAJP0;Train;DR6;23/08/1963;06/05/1986;22
FAJW0;Train;DR2;31/03/1958;11/02/1986;27
MAKB0;Train;DR3;18/09/1951;16/04/1986;34
MAKR0;Train;DR3;09/04/1963;24/02/1986;22
FAKS0;Test;DR1;05/12/1957;01/04/1986;28
FALK0;Train;DR3;23/07/1938;28/01/1986;47
FALR0;Train;DR4;05/06/1962;20/02/1986;23
FAPB0;Train;DR6;18/09/1945;30/04/1986;40
MAPV0;Train;DR3;26/03/1948;13/02/1986;37
MARC0;Train;DR2;03/12/1957;30/01/1986;28
MARW0;Train;DR4;05/11/1960;12/02/1986;25
FASW0;Test;DR5;06/01/1931;26/03/1986;55
FAWF0;Test;DR5;19/12/1958;14/04/1986;27
MBAR0;Train;DR7;18/07/1962;19/02/1986;23
FBAS0;Train;DR4;04/09/1933;26/02/1986;52
MBBR0;Train;DR7;18/08/1957;29/04/1986;28
MBCG0;Train;DR8;11/08/1959;02/04/1986;26
FBCG1;Train;DR8;23/02/1959;09/04/1986;27
FBCH0;Train;DR6;08/07/1959;02/04/1986;26
MBDG0;Test;DR3;30/04/1958;11/03/1986;27
MBEF0;Train;DR3;04/11/1952;12/02/1986;33
MBGT0;Train;DR5;22/03/1958;21/02/1986;27
MBJK0;Test;DR2;02/10/1961;29/01/1986;24
FBJL0;Train;DR5;17/09/1962;26/03/1986;23
MBJV0;Train;DR2;25/09/1961;05/02/1986;24
FBLV0;Train;DR7;14/12/1958;29/04/1986;27
MBMA0;Train;DR4;08/10/1941;04/02/1986;44
MBMA1;Train;DR6;16/08/1954;02/04/1986;31
FBMH0;Train;DR5;26/02/1946;23/01/1986;39
FBMJ0;Train;DR4;23/05/1940;24/01/1986;45
MBML0;Train;DR7;28/08/1959;28/01/1986;26
MBNS0;Test;DR4;22/09/1956;03/02/1986;29
MBOM0;Train;DR7;30/07/1959;16/04/1986;26
MBPM0;Test;DR5;21/08/1960;01/04/1986;25
MBSB0;Train;DR8;17/12/1962;24/02/1986;23
MBTH0;Train;DR7;11/05/1962;12/03/1986;23
MBWM0;Test;DR3;20/12/1954;17/02/1986;31
MBWP0;Train;DR4;28/04/1947;21/02/1986;38
MCAE0;Train;DR6;28/05/1957;07/03/1986;28
FCAG0;Train;DR4;10/03/1962;18/03/1986;24
FCAJ0;Train;DR2;06/08/1950;13/03/1986;35
MCAL0;Train;DR3;23/06/1959;23/01/1986;26
FCAL1;Test;DR5;20/01/1956;28/02/1986;30
FCAU0;Test;DR7;08/03/1963;21/04/1986;23
MCCS0;Test;DR2;27/05/1942;12/03/1986;43
MCDC0;Train;DR3;19/10/1959;13/02/1986;26
MCDD0;Train;DR3;04/05/1955;19/03/1986;30
MCDR0;Train;DR4;29/12/1960;27/01/1986;25
FCDR1;Train;DR5;22/10/1962;29/01/1986;23
MCEF0;Train;DR3;23/11/1957;23/01/1986;28
FCEG0;Train;DR8;10/09/1958;05/02/1986;27
MCEM0;Test;DR2;09/09/1957;27/02/1986;28
MCEW0;Train;DR2;09/07/1939;06/03/1986;46
FCFT0;Test;DR4;10/03/1963;29/01/1986;22
MCHH0;Test;DR7;25/09/1942;15/04/1986;43
MCHL0;Train;DR5;11/12/1960;24/02/1986;25
FCJF0;Train;DR1;31/08/1962;18/04/1986;23
FCJS0;Train;DR7;10/07/1944;09/04/1986;41
FCKE0;Train;DR3;26/03/1960;21/01/1986;25
MCLK0;Train;DR7;12/08/1964;18/04/1986;21
MCLM0;Train;DR5;28/11/1945;10/03/1986;40
FCLT0;Train;DR8;16/10/1946;05/03/1986;39
MCMB0;Test;DR5;06/09/1948;11/02/1986;37
FCMG0;Train;DR3;01/04/1960;05/02/1986;25
FCMH0;Test;DR3;06/06/1943;10/03/1986;42
FCMH1;Test;DR8;01/05/1962;14/03/1986;23
MCMJ0;Test;DR6;06/02/1958;16/01/1986;27
FCMM0;Train;DR2;30/01/1960;09/01/1986;25
FCMR0;Test;DR2;06/04/1951;21/01/1986;34
MCPM0;Train;DR1;18/02/1962;30/01/1986;23
MCRC0;Test;DR5;06/08/1947;31/01/1986;38
MCRE0;Train;DR7;09/09/1960;22/01/1986;25
FCRH0;Test;DR4;24/02/1958;17/01/1986;27
FCRZ0;Train;DR7;30/08/1929;04/03/1986;56
MCSH0;Test;DR3;19/11/1932;25/03/1986;53
MCSS0;Train;DR4;14/09/1961;26/02/1986;24
MCTH0;Train;DR7;16/10/1959;31/01/1986;26
MCTM0;Train;DR2;29/08/1955;24/02/1986;30
MCTT0;Test;DR5;24/05/1962;26/03/1986;23
MCTW0;Test;DR3;26/02/1960;25/02/1986;25
MCXM0;Train;DR8;07/09/1958;24/02/1986;27
FCYL0;Train;DR2;16/02/1959;14/02/1986;26
MDAB0;Test;DR1;15/12/1962;21/04/1986;23
MDAC0;Train;DR1;29/11/1960;11/02/1986;25
FDAC1;Test;DR1;05/11/1918;12/03/1986;67
MDAC2;Test;DR5;06/04/1961;14/04/1986;25
MDAS0;Train;DR5;12/07/1961;11/02/1986;24
FDAS1;Train;DR2;30/12/1959;11/03/1986;26
FDAW0;Train;DR1;18/07/1960;28/02/1986;25
MDAW1;Test;DR8;17/11/1957;10/03/1986;28
MDBB0;Test;DR2;02/10/1933;30/01/1986;52
MDBB1;Train;DR3;27/02/1962;15/04/1986;24
MDBP0;Train;DR2;25/01/1962;27/01/1986;24
MDCD0;Train;DR4;20/11/1933;03/03/1986;52
MDCM0;Train;DR7;24/11/1959;13/03/1986;26
MDDC0;Train;DR3;16/07/1953;03/03/1986;32
MDED0;Train;DR7;20/12/1959;28/01/1986;26
MDEF0;Train;DR3;29/01/1952;31/03/1986;34
MDEM0;Train;DR2;11/09/1961;05/02/1986;24
FDFB0;Train;DR3;01/11/1961;19/02/1986;24
FDHC0;Test;DR7;17/03/1956;26/03/1986;30
MDHL0;Train;DR5;31/07/1952;05/03/1986;33
MDHS0;Train;DR3;17/07/1953;21/03/1986;32
FDJH0;Train;DR3;24/03/1961;31/03/1986;25
MDJM0;Train;DR3;08/03/1960;10/03/1986;26
FDKN0;Train;DR4;04/07/1954;09/05/1986;31
MDKS0;Train;DR7;25/03/1957;02/05/1986;29
MDLB0;Train;DR2;17/05/1951;17/02/1986;34
MDLC0;Train;DR3;28/04/1942;27/02/1986;43
MDLC1;Train;DR7;25/04/1950;05/03/1986;35
MDLC2;Train;DR2;18/11/1959;09/04/1986;26
MDLD0;Test;DR2;23/07/1961;25/03/1986;24
MDLF0;Test;DR7;20/07/1961;02/04/1986;24
MDLH0;Train;DR3;07/04/1955;20/02/1986;30
MDLM0;Train;DR7;10/07/1952;05/02/1986;33
MDLR0;Train;DR7;02/05/1956;04/02/1986;29
MDLR1;Train;DR7;22/01/1963;14/02/1986;23
MDLS0;Test;DR4;26/06/1959;14/04/1986;26
MDMA0;Train;DR4;22/04/1958;04/03/1986;27
FDML0;Train;DR1;19/03/1963;24/01/1986;22
FDMS0;Test;DR4;30/01/1954;03/02/1986;32
MDMT0;Train;DR2;13/07/1956;31/01/1986;29
FDMY0;Train;DR5;30/08/1960;30/01/1986;25
FDNC0;Train;DR2;27/04/1946;12/02/1986;39
MDNS0;Train;DR3;23/11/1955;16/04/1986;30
MDPB0;Train;DR7;07/09/1959;18/03/1986;26
MDPK0;Train;DR1;07/09/1960;29/04/1986;25
MDPS0;Train;DR2;22/05/1953;24/02/1986;32
MDRB0;Test;DR5;23/08/1959;29/01/1986;26
MDRD0;Train;DR6;11/06/1961;26/02/1986;24
FDRD1;Test;DR2;24/07/1963;25/03/1986;22
MDRM0;Test;DR4;26/10/1955;16/04/1986;30
FDRW0;Test;DR6;29/11/1961;13/02/1986;24
MDSC0;Test;DR6;27/12/1943;21/04/1986;42
MDSJ0;Train;DR5;19/07/1952;11/03/1986;33
MDSS0;Train;DR2;22/08/1958;05/02/1986;27
MDSS1;Train;DR3;24/08/1955;20/02/1986;30
MDTB0;Train;DR3;15/07/1942;31/01/1986;43
FDTD0;Train;DR5;11/12/1954;31/03/1986;31
MDVC0;Test;DR7;11/02/1955;31/03/1986;31
MDWA0;Test;DR5;18/09/1959;06/03/1986;26
MDWD0;Train;DR2;03/07/1962;11/02/1986;23
MDWH0;Train;DR5;12/02/1962;14/02/1986;24
MDWK0;Test;DR5;09/01/1932;25/03/1986;54
MDWM0;Train;DR3;01/02/1962;25/03/1986;24
FDXW0;Train;DR2;31/12/1961;19/03/1986;24
FEAC0;Train;DR2;27/11/1950;05/02/1986;35
MEAL0;Train;DR6;02/11/1963;25/03/1986;22
FEAR0;Train;DR5;03/12/1945;05/02/1986;40
FECD0;Train;DR1;08/03/1949;03/03/1986;36
MEDR0;Train;DR1;01/11/1960;25/02/1986;25
FEDW0;Test;DR4;17/01/1960;15/01/1986;25
FEEH0;Train;DR4;10/03/1962;21/01/1986;23
MEFG0;Train;DR2;26/02/1956;16/01/1986;29
MEGJ0;Train;DR5;11/05/1954;20/02/1986;31
MEJL0;Train;DR6;01/08/1957;02/04/1986;28
MEJS0;Train;DR8;28/03/1950;05/02/1986;35
FELC0;Test;DR1;20/05/1954;26/02/1986;31
FEME0;Train;DR3;29/03/1934;18/03/1986;51
MERS0;Test;DR7;06/02/1957;17/04/1986;29
MESD0;Test;DR6;04/01/1962;15/04/1986;24
MESG0;Train;DR4;24/05/1963;20/02/1986;22
MESJ0;Train;DR6;31/12/1957;14/04/1986;28
FETB0;Train;DR1;16/06/1960;24/01/1986;25
MEWM0;Train;DR5;29/11/1963;24/02/1986;22
FEXM0;Train;DR5;03/12/1954;20/01/1986;31
MFER0;Train;DR5;20/06/1956;14/03/1986;29
MFGK0;Test;DR5;25/01/1957;21/01/1986;28
MFMC0;Train;DR3;27/08/1961;23/01/1986;24
MFRM0;Train;DR4;10/04/1956;27/01/1986;29
MFWK0;Train;DR4;19/10/1948;05/02/1986;37
MFXS0;Train;DR7;19/04/1946;23/04/1986;40
MFXV0;Train;DR7;09/07/1941;15/04/1986;44
MGAF0;Train;DR3;11/12/1948;12/02/1986;37
MGAG0;Train;DR4;06/10/1962;19/02/1986;23
MGAK0;Train;DR7;20/09/1950;21/04/1986;35
MGAR0;Train;DR7;28/11/1961;31/01/1986;24
MGAW0;Train;DR7;11/11/1960;28/01/1986;25
FGCS0;Train;DR3;14/07/1962;13/03/1986;23
FGDP0;Train;DR5;16/12/1958;10/04/1986;27
MGES0;Train;DR5;21/02/1960;13/03/1986;26
MGJC0;Train;DR4;29/07/1962;20/02/1986;23
FGJD0;Test;DR4;10/12/1960;29/01/1986;25
MGJF0;Test;DR3;16/08/1950;11/02/1986;35
MGLB0;Test;DR3;22/04/1949;24/03/1986;36
FGMB0;Train;DR5;10/07/1958;24/01/1986;27
FGMD0;Test;DR5;06/11/1962;18/02/1986;23
MGMM0;Test;DR4;19/08/1962;23/01/1986;23
MGRL0;Train;DR1;20/02/1948;18/03/1986;38
MGRP0;Train;DR4;20/02/1929;18/02/1986;56
MGRT0;Test;DR7;25/08/1956;07/03/1986;29
FGRW0;Train;DR3;22/05/1961;27/01/1986;24
MGSH0;Train;DR5;09/10/1957;29/01/1986;28
MGSL0;Train;DR7;15/07/1947;28/01/1986;38
FGWR0;Test;DR7;08/10/1960;01/04/1986;25
MGWT0;Test;DR2;15/07/1921;25/03/1986;64
MGXP0;Train;DR4;15/05/1950;03/02/1986;35
MHBS0;Train;DR7;15/02/1962;01/04/1986;24
FHES0;Test;DR5;29/11/1960;21/01/1986;25
FHEW0;Test;DR5;11/04/1934;27/02/1986;51
MHIT0;Train;DR5;02/01/1959;09/04/1986;27
MHJB0;Train;DR3;20/12/1958;17/04/1986;27
FHLM0;Train;DR2;18/06/1943;31/03/1986;42
MHMG0;Train;DR5;08/08/1959;25/02/1986;26
MHMR0;Train;DR3;21/01/1962;22/01/1986;24
MHPG0;Test;DR3;19/09/1947;17/01/1986;38
MHRM0;Train;DR2;02/07/1956;02/04/1986;29
MHXL0;Train;DR7;09/09/1951;24/01/1986;34
FHXS0;Train;DR6;20/08/1941;07/05/1986;44
MILB0;Train;DR3;07/06/1955;24/03/1986;30
FISB0;Test;DR7;12/02/1951;01/04/1986;35
MJAC0;Train;DR4;10/10/1940;20/02/1986;45
MJAE0;Train;DR2;21/03/1963;20/03/1986;22
MJAI0;Train;DR7;14/03/1962;08/04/1986;24
MJAR0;Test;DR2;13/11/1961;25/02/1986;24
FJAS0;Test;DR2;21/07/1947;27/02/1986;38
MJBG0;Train;DR2;14/04/1959;04/02/1986;26
MJBR0;Test;DR3;22/07/1950;15/04/1986;35
FJCS0;Test;DR5;27/12/1951;18/02/1986;34
MJDA0;Train;DR3;01/03/1954;18/04/1986;32
MJDC0;Train;DR4;29/09/1958;28/01/1986;27
MJDE0;Train;DR2;20/09/1962;22/01/1986;23
MJDG0;Train;DR7;12/11/1956;23/04/1986;29
MJDH0;Test;DR6;26/09/1950;24/02/1986;35
MJDM0;Train;DR5;19/02/1951;21/02/1986;35
MJDM1;Test;DR4;17/05/1961;07/03/1986;24
FJDM2;Train;DR6;06/10/1955;01/04/1986;30
MJEB0;Train;DR2;21/12/1947;13/02/1986;38
MJEB1;Train;DR1;25/01/1959;12/03/1986;27
MJEE0;Train;DR4;29/06/1956;05/02/1986;29
FJEM0;Test;DR1;06/11/1951;11/02/1986;34
FJEN0;Train;DR7;13/09/1963;23/04/1986;22
MJES0;Test;DR3;29/01/1963;26/02/1986;23
MJFC0;Test;DR6;16/03/1959;21/04/1986;27
MJFH0;Train;DR5;25/01/1958;21/01/1986;27
MJFR0;Train;DR7;09/10/1939;09/04/1986;46
MJHI0;Train;DR2;28/05/1952;20/02/1986;33
FJHK0;Train;DR7;21/07/1960;17/04/1986;25
MJJB0;Train;DR3;18/04/1959;23/01/1986;26
MJJG0;Test;DR3;01/07/1961;15/04/1986;24
MJJJ0;Train;DR4;16/11/1939;28/01/1986;46
MJJM0;Train;DR7;24/06/1962;11/03/1986;23
FJKL0;Train;DR2;31/01/1959;31/03/1986;27
MJKR0;Train;DR3;02/12/1953;31/01/1986;32
MJLB0;Train;DR4;02/08/1963;10/04/1986;22
FJLG0;Train;DR3;14/10/1962;06/02/1986;23
MJLG1;Train;DR3;24/12/1959;16/04/1986;26
FJLM0;Test;DR4;02/07/1962;23/04/1986;23
MJLN0;Test;DR8;02/10/1955;07/03/1986;30
FJLR0;Train;DR3;01/12/1960;04/02/1986;25
MJLS0;Train;DR4;01/06/1960;17/01/1986;25
MJMA0;Train;DR2;11/04/1962;18/03/1986;23
MJMD0;Train;DR2;29/03/1958;18/04/1986;28
FJMG0;Test;DR4;04/07/1953;29/01/1986;32
MJMM0;Train;DR4;16/10/1958;06/02/1986;27
MJMP0;Test;DR3;29/09/1962;24/03/1986;23
MJPG0;Train;DR5;28/09/1962;30/01/1986;23
MJPM0;Train;DR2;29/04/1958;25/02/1986;27
MJPM1;Train;DR4;06/02/1938;27/02/1986;48
MJRA0;Train;DR7;11/04/1955;05/02/1986;30
FJRB0;Train;DR8;10/08/1958;17/02/1986;27
FJRE0;Test;DR2;07/08/1962;21/01/1986;23
MJRF0;Test;DR4;05/12/1945;10/03/1986;40
MJRG0;Train;DR5;15/10/1956;25/02/1986;29
MJRH0;Train;DR4;12/12/1960;22/01/1986;25
MJRH1;Train;DR3;22/05/1962;24/01/1986;23
MJRK0;Train;DR6;16/07/1940;19/03/1986;45
MJRP0;Train;DR2;23/06/1958;03/02/1986;27
FJRP1;Train;DR7;07/08/1940;04/03/1986;45
FJSA0;Test;DR5;13/09/1953;26/02/1986;32
FJSJ0;Test;DR8;18/09/1949;13/03/1986;36
FJSK0;Train;DR7;04/02/1954;24/04/1986;32
FJSP0;Train;DR1;06/07/1949;05/03/1986;36
MJSR0;Train;DR4;26/12/1949;04/03/1986;36
MJSW0;Test;DR1;15/07/1953;16/04/1986;32
MJTC0;Test;DR8;23/11/1955;11/03/1986;30
MJTH0;Test;DR8;26/07/1958;14/02/1986;27
MJVW0;Test;DR3;19/07/1963;20/01/1986;22
FJWB0;Test;DR2;26/02/1954;11/02/1986;31
FJWB1;Train;DR4;12/04/1956;04/03/1986;29
MJWG0;Train;DR5;10/06/1961;20/03/1986;24
MJWS0;Train;DR4;12/01/1940;24/01/1986;46
MJWT0;Train;DR1;25/03/1953;26/02/1986;32
MJXA0;Train;DR5;13/01/1950;19/03/1986;36
MJXL0;Train;DR4;24/10/1927;29/01/1986;58
FJXM0;Train;DR5;10/03/1958;31/01/1986;27
FJXP0;Train;DR4;23/04/1962;22/01/1986;23
FKAA0;Train;DR2;26/10/1958;31/01/1986;27
MKAG0;Train;DR7;01/10/1939;09/04/1986;46
MKAH0;Train;DR2;25/07/1956;21/03/1986;29
MKAJ0;Train;DR2;05/07/1955;03/03/1986;30
MKAM0;Train;DR4;12/11/1948;18/02/1986;37
MKCH0;Test;DR3;23/01/1956;25/02/1986;30
MKCL0;Test;DR4;12/01/1947;13/02/1986;39
MKDB0;Train;DR7;25/09/1955;18/03/1986;30
MKDD0;Train;DR8;14/12/1955;31/03/1986;30
FKDE0;Train;DR7;20/06/1962;24/01/1986;23
MKDR0;Test;DR7;02/11/1960;12/02/1986;25
MKDT0;Train;DR2;02/08/1957;20/03/1986;28
FKDW0;Train;DR4;14/10/1961;31/01/1986;24
MKES0;Train;DR6;05/06/1955;05/02/1986;30
MKJL0;Test;DR7;18/11/1955;20/01/1986;30
MKJO0;Train;DR2;05/12/1954;20/03/1986;31
FKKH0;Train;DR5;12/04/1958;13/02/1986;27
FKLC0;Train;DR4;05/05/1960;10/04/1986;25
FKLC1;Train;DR6;23/06/1962;24/04/1986;23
FKLH0;Train;DR8;26/07/1961;06/02/1986;24
MKLN0;Train;DR6;03/01/1957;07/04/1986;29
MKLR0;Train;DR7;04/12/1959;29/04/1986;26
MKLS0;Train;DR1;01/07/1952;05/03/1986;33
MKLS1;Train;DR3;29/12/1961;25/03/1986;24
MKLT0;Test;DR5;13/06/1962;03/02/1986;23
MKLW0;Train;DR1;22/11/1956;01/04/1986;29
FKMS0;Test;DR3;06/04/1947;14/03/1986;38
MKRG0;Train;DR8;10/08/1960;14/03/1986;25
FKSR0;Train;DR7;13/02/1961;21/01/1986;24
MKXL0;Train;DR3;24/10/1959;29/01/1986;26
FLAC0;Train;DR3;23/03/1961;21/03/1986;24
FLAG0;Train;DR6;20/12/1961;11/03/1986;24
FLAS0;Test;DR7;05/12/1961;14/03/1986;24
MLBC0;Train;DR4;01/07/1956;05/02/1986;29
FLBW0;Test;DR4;26/04/1961;03/02/1986;24
FLEH0;Train;DR7;18/09/1961;24/04/1986;24
MLEL0;Train;DR4;27/01/1959;05/02/1986;27
FLET0;Train;DR7;14/09/1961;23/01/1986;24
FLHD0;Train;DR4;12/07/1947;21/02/1986;38
MLIH0;Test;DR5;10/01/1962;29/01/1986;24
FLJA0;Train;DR5;23/03/1954;08/05/1986;32
MLJB0;Test;DR4;14/12/1958;18/02/1986;27
MLJC0;Train;DR4;04/05/1961;04/02/1986;24
FLJD0;Train;DR3;06/03/1961;19/03/1986;25
FLJG0;Train;DR5;17/02/1922;09/04/1986;64
MLJH0;Train;DR4;15/03/1950;20/02/1986;35
FLKD0;Test;DR4;02/10/1962;25/02/1986;23
FLKM0;Train;DR4;16/01/1951;05/02/1986;35
MLLL0;Test;DR4;27/05/1959;25/02/1986;26
FLMA0;Train;DR2;20/06/1960;05/02/1986;25
FLMC0;Train;DR2;10/11/1963;25/02/1986;22
FLMK0;Train;DR5;10/05/1960;21/04/1986;25
FLNH0;Test;DR6;26/09/1960;03/02/1986;25
MLNS0;Train;DR3;27/11/1959;28/02/1986;26
MLNT0;Test;DR3;09/04/1953;12/02/1986;32
FLOD0;Train;DR5;05/12/1952;13/02/1986;33
MLSH0;Train;DR4;14/08/1954;03/03/1986;31
FLTM0;Train;DR3;21/12/1960;02/05/1986;25
MMAA0;Train;DR2;12/07/1959;13/03/1986;26
MMAB0;Test;DR3;16/03/1958;25/02/1986;27
MMAB1;Train;DR5;20/12/1954;14/03/1986;31
FMAF0;Test;DR4;07/03/1944;11/03/1986;42
MMAG0;Train;DR2;21/10/1963;23/01/1986;22
FMAH0;Test;DR5;30/01/1963;13/02/1986;23
FMAH1;Train;DR7;21/05/1961;19/03/1986;24
MMAM0;Train;DR3;01/07/1961;07/04/1986;24
MMAR0;Train;DR3;06/12/1957;20/02/1986;28
FMBG0;Train;DR8;10/01/1955;27/01/1986;31
MMBS0;Train;DR4;17/03/1960;24/01/1986;25
MMCC0;Train;DR5;10/06/1958;20/02/1986;27
FMCM0;Test;DR4;19/11/1959;29/01/1986;26
MMDB0;Train;DR6;07/04/1954;10/04/1986;32
MMDB1;Test;DR2;03/06/1962;11/04/1986;23
MMDG0;Train;DR7;08/10/1952;24/01/1986;33
MMDH0;Test;DR3;25/05/1957;18/04/1986;28
MMDM0;Train;DR4;08/12/1958;18/02/1986;27
MMDM1;Train;DR5;13/09/1957;03/03/1986;28
MMDM2;Test;DR2;14/01/1959;10/03/1986;27
MMDS0;Train;DR2;05/07/1965;21/02/1986;20
MMEA0;Train;DR8;05/08/1962;26/02/1986;23
MMEB0;Train;DR3;25/02/1942;25/02/1986;44
FMEM0;Train;DR1;17/06/1928;25/02/1986;57
MMGC0;Train;DR4;26/02/1953;17/02/1986;32
FMGD0;Test;DR6;29/10/1931;31/03/1986;54
MMGG0;Train;DR1;30/06/1960;08/05/1986;25
MMGK0;Train;DR2;16/11/1963;20/02/1986;22
FMJB0;Train;DR2;18/06/1963;29/01/1986;22
MMJB1;Train;DR3;30/03/1959;28/02/1986;26
FMJF0;Train;DR3;13/12/1954;06/02/1986;31
MMJR0;Test;DR3;11/12/1953;17/04/1986;32
FMJU0;Train;DR6;23/04/1959;27/02/1986;26
FMKC0;Train;DR7;09/12/1958;06/05/1986;27
FMKF0;Train;DR2;07/08/1958;24/03/1986;27
FMLD0;Test;DR8;17/08/1960;26/03/1986;25
MMLM0;Train;DR8;20/06/1947;20/03/1986;38
FMMH0;Train;DR2;14/01/1963;25/03/1986;23
FMML0;Test;DR7;27/08/1961;21/04/1986;24
FMPG0;Train;DR5;23/12/1932;08/04/1986;53
MMPM0;Train;DR8;06/02/1956;29/04/1986;30
MMRP0;Train;DR1;15/01/1959;28/02/1986;27
MMSM0;Train;DR3;03/02/1963;21/01/1986;22
MMVP0;Train;DR5;29/03/1961;13/02/1986;24
MMWB0;Train;DR5;17/09/1962;10/04/1986;23
MMWH0;Test;DR3;28/06/1959;16/01/1986;26
MMWS0;Train;DR8;03/02/1961;20/03/1986;25
MMWS1;Train;DR7;01/12/1954;05/05/1986;31
MMXS0;Train;DR2;29/05/1954;19/03/1986;31
MNET0;Train;DR4;02/12/1937;07/03/1986;48
MNJM0;Test;DR7;30/03/1955;01/04/1986;31
FNKL0;Train;DR8;07/02/1961;20/03/1986;25
FNLP0;Test;DR5;09/09/1955;07/03/1986;30
MNLS0;Test;DR7;10/03/1944;13/03/1986;42
FNMR0;Test;DR4;08/09/1954;27/02/1986;31
FNTB0;Train;DR3;15/12/1960;31/01/1986;25
MNTW0;Train;DR7;22/04/1961;02/05/1986;25
MPAB0;Test;DR7;10/04/1954;23/01/1986;31
FPAB1;Train;DR7;09/04/1962;12/03/1986;23
FPAC0;Train;DR7;18/03/1962;13/02/1986;23
FPAD0;Train;DR6;23/09/1955;21/02/1986;30
FPAF0;Train;DR4;15/06/1943;29/04/1986;42
MPAM0;Test;DR8;24/12/1957;30/01/1986;28
MPAM1;Test;DR6;07/06/1934;31/01/1986;51
MPAR0;Train;DR7;21/01/1961;01/04/1986;25
FPAS0;Test;DR2;20/03/1963;01/04/1986;23
FPAZ0;Train;DR3;15/04/1954;02/04/1986;31
MPCS0;Test;DR4;17/11/1960;25/02/1986;25
MPDF0;Test;DR2;27/04/1956;25/03/1986;29
MPEB0;Train;DR4;31/05/1955;04/02/1986;30
MPFU0;Train;DR7;18/11/1956;06/02/1986;29
MPGH0;Train;DR1;10/09/1963;26/03/1986;22
MPGL0;Test;DR2;29/06/1961;20/01/1986;24
MPGR0;Train;DR1;24/11/1961;03/03/1986;24
MPGR1;Train;DR6;21/12/1959;18/03/1986;26
FPJF0;Train;DR2;27/04/1960;23/04/1986;25
FPKT0;Test;DR3;09/08/1961;25/03/1986;24
MPLB0;Test;DR4;08/03/1952;27/02/1986;33
FPLS0;Train;DR8;03/03/1965;02/04/1986;21
MPMB0;Train;DR5;10/06/1910;18/03/1986;75
FPMY0;Train;DR5;25/06/1958;27/01/1986;27
MPPC0;Train;DR2;03/04/1960;03/03/1986;25
MPRB0;Train;DR2;29/08/1953;31/01/1986;32
MPRD0;Train;DR3;03/07/1950;04/03/1986;35
MPRK0;Train;DR4;10/03/1958;17/01/1986;27
MPRT0;Train;DR4;07/03/1953;31/01/1986;32
MPSW0;Train;DR1;11/02/1962;02/05/1986;24
MPWM0;Test;DR4;12/02/1956;23/01/1986;29
MRAB0;Train;DR2;02/04/1954;04/02/1986;31
MRAB1;Train;DR4;05/02/1953;13/03/1986;33
MRAI0;Train;DR1;02/01/1961;04/03/1986;25
MRAM0;Train;DR5;31/10/1960;12/02/1986;25
FRAM1;Test;DR2;10/11/1960;25/02/1986;25
MRAV0;Train;DR5;13/11/1960;16/04/1986;25
MRBC0;Train;DR3;05/05/1960;04/02/1986;25
MRCG0;Train;DR1;14/04/1945;04/03/1986;40
MRCS0;Test;DR7;07/12/1946;04/02/1986;39
MRCW0;Train;DR2;14/07/1958;25/02/1986;27
MRCZ0;Test;DR2;02/04/1958;25/03/1986;27
MRDD0;Train;DR1;25/12/1943;24/04/1986;42
MRDM0;Train;DR8;28/09/1949;07/04/1986;36
MRDS0;Train;DR3;03/09/1953;28/01/1986;32
MREB0;Test;DR1;04/12/1958;25/02/1986;27
MREE0;Train;DR3;25/08/1961;20/01/1986;24
FREH0;Train;DR7;20/07/1962;18/02/1986;23
MREH1;Train;DR3;12/05/1961;07/04/1986;24
MREM0;Train;DR7;05/10/1934;02/04/1986;51
MRES0;Test;DR8;19/06/1962;03/02/1986;23
FREW0;Test;DR4;19/06/1952;12/02/1986;33
MREW1;Train;DR5;08/04/1958;18/03/1986;27
MRFK0;Train;DR2;03/12/1951;07/05/1986;34
MRFL0;Train;DR4;22/09/1952;27/01/1986;33
MRGG0;Test;DR2;10/05/1961;31/01/1986;24
MRGM0;Train;DR4;27/09/1954;28/01/1986;31
MRGS0;Train;DR2;14/07/1963;25/02/1986;22
MRHL0;Train;DR2;08/02/1954;19/03/1986;32
FRJB0;Train;DR6;18/07/1959;04/03/1986;26
MRJB1;Train;DR3;01/09/1962;17/04/1986;23
MRJH0;Train;DR2;19/02/1944;20/03/1986;42
MRJM0;Train;DR2;21/10/1956;04/02/1986;29
MRJM1;Train;DR2;03/07/1947;14/02/1986;38
MRJM3;Test;DR5;09/08/1934;07/03/1986;51
MRJM4;Test;DR7;03/08/1950;14/03/1986;35
MRJO0;Test;DR1;15/05/1951;25/02/1986;34
MRJR0;Test;DR6;15/04/1958;29/01/1986;27
MRJS0;Test;DR6;20/07/1960;06/03/1986;25
MRJT0;Train;DR2;12/09/1941;18/03/1986;44
MRKM0;Train;DR5;27/10/1956;11/02/1986;29
MRKO0;Test;DR4;07/02/1941;27/02/1986;45
MRLD0;Train;DR5;25/12/1955;02/04/1986;30
MRLJ0;Train;DR2;06/12/1951;04/03/1986;34
MRLJ1;Train;DR7;05/07/1960;23/04/1986;25
MRLK0;Train;DR8;25/05/1951;12/03/1986;34
FRLL0;Train;DR2;24/07/1962;19/03/1986;23
MRLR0;Train;DR2;29/03/1959;30/01/1986;26
MRMB0;Train;DR6;29/05/1953;01/04/1986;32
MRMG0;Train;DR7;01/11/1943;08/05/1986;42
MRMH0;Train;DR7;26/02/1960;17/04/1986;26
MRML0;Train;DR5;19/03/1953;04/03/1986;32
MRMS0;Train;DR2;11/03/1960;12/03/1986;26
MRMS1;Test;DR7;27/04/1960;14/03/1986;25
FRNG0;Test;DR4;21/09/1961;25/02/1986;24
MROA0;Test;DR4;08/10/1962;17/02/1986;23
MRPC0;Test;DR7;14/09/1960;22/01/1986;25
MRPC1;Train;DR7;12/12/1962;13/03/1986;23
MRPP0;Test;DR5;12/09/1958;29/01/1986;27
MRRE0;Train;DR8;16/12/1950;20/02/1986;35
MRRK0;Test;DR5;18/07/1941;13/02/1986;44
MRSO0;Train;DR1;16/06/1960;18/04/1986;25
MRSP0;Train;DR4;20/09/1953;04/03/1986;32
MRTC0;Train;DR3;07/02/1958;11/03/1986;28
MRTJ0;Train;DR3;14/11/1937;27/02/1986;48
MRTK0;Test;DR3;08/08/1958;14/01/1986;27
MRVG0;Train;DR5;14/04/1954;23/01/1986;31
MRWA0;Train;DR3;05/05/1960;08/04/1986;25
MRWS0;Train;DR1;10/03/1959;20/01/1986;26
MRWS1;Test;DR5;23/07/1958;23/01/1986;27
MRXB0;Train;DR6;16/03/1960;02/04/1986;26
FSAG0;Train;DR5;01/10/1941;20/02/1986;44
FSAH0;Train;DR1;09/03/1963;05/02/1986;22
MSAH1;Train;DR7;13/11/1946;24/04/1986;39
FSAK0;Train;DR4;25/05/1961;14/02/1986;24
MSAS0;Train;DR5;13/12/1959;25/02/1986;26
MSAT0;Train;DR2;21/07/1960;20/03/1986;25
MSAT1;Train;DR6;10/02/1957;06/05/1986;29
FSBK0;Train;DR6;13/08/1962;02/05/1986;23
FSCN0;Train;DR2;27/11/1959;06/02/1986;26
MSDB0;Train;DR7;20/06/1957;15/04/1986;28
FSDC0;Train;DR5;16/07/1961;18/02/1986;24
MSDH0;Train;DR5;25/11/1961;09/04/1986;24
FSDJ0;Train;DR6;21/08/1962;21/01/1986;23
MSDS0;Train;DR6;10/12/1958;07/05/1986;27
FSEM0;Test;DR4;07/10/1964;30/01/1986;21
MSEM1;Train;DR5;12/02/1947;06/03/1986;39
MSES0;Train;DR7;11/09/1963;02/04/1986;22
MSFH0;Train;DR4;14/01/1960;03/02/1986;26
MSFH1;Test;DR5;03/05/1959;11/02/1986;26
MSFV0;Train;DR3;28/04/1951;11/02/1986;34
FSGF0;Train;DR6;10/05/1942;26/03/1986;43
FSJG0;Train;DR5;14/07/1957;31/03/1986;28
MSJK0;Train;DR6;09/08/1931;07/04/1986;54
FSJK1;Train;DR1;16/01/1961;18/04/1986;25
FSJS0;Train;DR3;12/04/1957;28/01/1986;28
MSJS1;Test;DR1;23/07/1960;11/02/1986;25
FSJW0;Train;DR3;15/08/1939;20/02/1986;46
FSKC0;Train;DR3;10/04/1961;03/03/1986;24
FSKL0;Train;DR2;11/12/1961;21/03/1986;24
FSKP0;Train;DR5;15/12/1961;20/01/1986;24
MSLB0;Test;DR8;05/03/1955;30/01/1986;30
FSLB1;Test;DR2;18/09/1953;12/02/1986;32
FSLS0;Train;DR3;24/02/1963;29/04/1986;23
FSMA0;Train;DR1;31/07/1943;11/04/1986;42
MSMC0;Train;DR4;16/11/1955;12/02/1986;30
FSMM0;Train;DR5;09/12/1955;18/02/1986;30
MSMR0;Train;DR6;09/02/1952;28/02/1986;34
MSMS0;Train;DR4;19/09/1939;05/03/1986;46
FSMS1;Train;DR5;19/06/1961;18/03/1986;24
FSPM0;Train;DR7;20/06/1955;05/02/1986;30
MSRG0;Train;DR4;18/03/1960;03/02/1986;25
FSRH0;Train;DR2;25/06/1962;14/02/1986;23
MSRR0;Train;DR5;21/10/1961;23/01/1986;24
FSSB0;Train;DR4;02/08/1953;09/05/1986;32
MSTF0;Train;DR4;22/07/1959;27/02/1986;26
MSTK0;Test;DR1;04/12/1960;17/04/1986;25
MSVS0;Train;DR6;04/09/1959;31/03/1986;26
FSXA0;Test;DR7;31/07/1959;21/01/1986;26
MTAA0;Test;DR3;10/12/1961;13/02/1986;24
MTAB0;Train;DR7;27/09/1960;01/04/1986;25
FTAJ0;Train;DR6;30/05/1960;20/02/1986;25
MTAS0;Train;DR4;31/01/1960;26/02/1986;26
MTAS1;Test;DR2;22/04/1957;12/03/1986;28
MTAT0;Train;DR5;08/08/1950;21/01/1986;35
MTAT1;Train;DR2;20/05/1962;28/02/1986;23
MTBC0;Train;DR2;19/10/1959;29/01/1986;26
FTBR0;Train;DR1;11/09/1961;26/03/1986;24
FTBW0;Train;DR5;27/07/1963;21/02/1986;22
MTCS0;Train;DR8;19/02/1957;21/02/1986;29
MTDB0;Train;DR2;07/07/1956;27/02/1986;29
MTDP0;Train;DR5;16/09/1962;20/03/1986;23
MTDT0;Test;DR3;29/11/1955;11/04/1986;30
MTEB0;Test;DR4;07/03/1960;23/01/1986;25
MTER0;Train;DR7;29/08/1946;27/01/1986;39
MTHC0;Test;DR3;01/07/1959;16/04/1986;26
MTJG0;Train;DR2;27/11/1961;20/03/1986;24
MTJM0;Train;DR3;22/05/1956;04/02/1986;29
MTJS0;Train;DR1;29/03/1962;30/01/1986;23
MTJU0;Train;DR6;12/01/1960;27/02/1986;26
MTKD0;Train;DR7;27/12/1954;30/01/1986;31
MTKP0;Train;DR3;22/03/1962;17/04/1986;24
MTLB0;Train;DR3;11/04/1959;23/01/1986;26
MTLC0;Train;DR7;15/06/1947;13/03/1986;38
FTLG0;Train;DR5;01/04/1960;21/01/1986;25
FTLH0;Test;DR7;11/04/1955;16/04/1986;31
MTLS0;Test;DR4;02/09/1961;25/02/1986;24
FTMG0;Train;DR2;25/06/1960;21/03/1986;25
MTML0;Train;DR7;01/12/1961;01/05/1986;24
MTMN0;Train;DR7;06/03/1962;30/04/1986;24
MTMR0;Test;DR2;02/05/1956;17/02/1986;29
MTMT0;Train;DR5;19/03/1957;22/01/1986;28
MTPF0;Train;DR1;02/09/1959;05/02/1986;26
MTPG0;Train;DR3;04/11/1957;26/02/1986;28
MTPP0;Train;DR3;25/01/1943;19/03/1986;43
MTPR0;Train;DR7;06/09/1952;07/04/1986;33
MTQC0;Train;DR4;09/08/1955;06/03/1986;30
MTRC0;Train;DR4;18/12/1962;11/04/1986;23
MTRR0;Train;DR1;18/07/1960;25/03/1986;25
MTRT0;Train;DR4;12/08/1958;04/02/1986;27
MTWH0;Test;DR7;25/02/1960;30/01/1986;25
MTWH1;Train;DR7;14/05/1960;19/03/1986;25
MTXS0;Train;DR6;29/02/1956;29/04/1986;30
FUTB0;Test;DR5;22/09/1960;31/01/1986;25
FVFB0;Train;DR1;14/04/1962;18/04/1986;24
MVJH0;Train;DR3;03/06/1940;26/03/1986;45
FVKB0;Train;DR7;31/08/1961;27/01/1986;24
MVLO0;Train;DR5;13/10/1946;24/01/1986;39
FVMH0;Train;DR1;08/01/1960;11/03/1986;26
MVRW0;Train;DR7;27/10/1959;13/03/1986;26
MWAC0;Train;DR5;15/04/1929;07/04/1986;56
MWAD0;Train;DR1;01/12/1960;30/04/1986;25
MWAR0;Train;DR1;14/03/1959;23/04/1986;27
MWBT0;Test;DR1;24/05/1934;26/03/1986;51
MWCH0;Train;DR5;16/07/1960;11/04/1986;25
MWDK0;Train;DR3;13/11/1956;05/03/1986;29
MWEM0;Train;DR5;02/02/1957;19/02/1986;29
MWEW0;Test;DR2;29/09/1958;25/02/1986;27
MWGR0;Train;DR3;30/08/1961;09/04/1986;24
MWJG0;Test;DR3;23/12/1952;22/01/1986;33
MWRE0;Train;DR7;25/09/1951;29/04/1986;34
MWRP0;Train;DR7;11/10/1950;06/03/1986;35
MWSB0;Train;DR2;31/07/1959;11/04/1986;26
MWSH0;Train;DR5;01/06/1963;04/03/1986;22
MWVW0;Test;DR2;22/02/1962;13/03/1986;24
MZMB0;Train;DR2;31/08/1960;28/01/1986;25
